name;description
Modulo02-01Prueba1;Esta es una descripción de prueba
Modulo02-01Prueba2;Esta es una descripción de prueba
Modulo02-01Prueba3;Esta es una descripción de prueba
Modulo02-01Prueba4;Esta es una descripción de prueba
Modulo02-01Prueba5;Esta es una descripción de prueba
Modulo02-01Prueba6;Esta es una descripción de prueba
Modulo02-01Prueba7;Esta es una descripción de prueba
Modulo02-01Prueba8;Esta es una descripción de prueba
Modulo02-01Prueba9;Esta es una descripción de prueba
Modulo02-01Prueba10;Esta es una descripción de prueba
Modulo02-01Prueba11;Esta es una descripción de prueba
Modulo02-01Prueba12;Esta es una descripción de prueba
Modulo02-01Prueba13;Esta es una descripción de prueba
Modulo02-01Prueba14;Esta es una descripción de prueba
Modulo02-01Prueba15;Esta es una descripción de prueba
Modulo02-01Prueba16;Esta es una descripción de prueba
Modulo02-01Prueba17;Esta es una descripción de prueba
Modulo02-01Prueba18;Esta es una descripción de prueba
Modulo02-01Prueba19;Esta es una descripción de prueba
Modulo02-01Prueba20;Esta es una descripción de prueba
Modulo02-01Prueba21;Esta es una descripción de prueba
Modulo02-01Prueba22;Esta es una descripción de prueba
Modulo02-01Prueba23;Esta es una descripción de prueba
Modulo02-01Prueba24;Esta es una descripción de prueba
Modulo02-01Prueba25;Esta es una descripción de prueba
